<?xml version="1.0" encoding="UTF-8"?>
<!--This file contains all the Entity and Attribute Information--><gfc:FC_FeatureCatalogue xmlns:gmx="http://www.isotc211.org/2005/gmx"
                         xmlns:gco="http://www.isotc211.org/2005/gco"
                         xmlns:gmd="http://www.isotc211.org/2005/gmd"
                         xmlns:xlink="http://www.w3.org/1999/xlink"
                         xmlns:gml="http://www.opengis.net/gml/3.2"
                         xmlns:xsi="http://www.w3.org/2001/XMLSchema-instance"
                         xmlns:gfc="http://www.isotc211.org/2005/gfc"
                         xsi:schemaLocation="https://www.ngdc.noaa.gov/metadata/published/xsd/schema/gfc/featureCataloging.xsd http://www.isotc211.org/2005/gfc">
   <gmx:name>
      <gco:CharacterString>Feature Catalog for the  2018 Topological Faces (Polygons With All Geocodes) County-based Shapefile</gco:CharacterString>
   </gmx:name>
   <gmx:scope>
      <gco:CharacterString> Topological Faces (Polygons With All Geocodes) County-based Shapefile</gco:CharacterString>
   </gmx:scope>
   <gmx:versionNumber>
      <gco:CharacterString>2018</gco:CharacterString>
   </gmx:versionNumber>
   <gmx:versionDate>
      <gco:Date>2017-06-01</gco:Date>
   </gmx:versionDate>
   <gmx:language>
      <gco:CharacterString>eng</gco:CharacterString>
   </gmx:language>
   <gmx:characterSet>
      <gmd:MD_CharacterSetCode codeList="http://www.isotc211.org/2005/resources/Codelist/gmxCodelists.xml#MD_CharacterSetCode"
                               codeListValue="utf8"
                               codeSpace="004">utf8
            </gmd:MD_CharacterSetCode>
   </gmx:characterSet>
   <gfc:featureType>
      <gfc:FC_FeatureType>
         <gfc:typeName>
            <gco:LocalName>FACES.shp</gco:LocalName>
         </gfc:typeName>
         <gfc:definition>
            <gco:CharacterString>Topological Faces (Polygons With all Geocodes) County-based shapefile</gco:CharacterString>
         </gfc:definition>
         <gfc:isAbstract>
            <gco:Boolean>false</gco:Boolean>
         </gfc:isAbstract>
         <gfc:featureCatalogue uuidref="2018_faces.ea.iso.xml"/>
         <gfc:carrierOfCharacteristics>
            <gfc:FC_FeatureAttribute>
               <gfc:memberName>
                  <gco:LocalName>TFID</gco:LocalName>
               </gfc:memberName>
               <gfc:definition>
                  <gco:CharacterString>Permanent face ID</gco:CharacterString>
               </gfc:definition>
               <gfc:cardinality gco:nilReason="unknown"/>
               <gfc:definitionReference xlink:title="U.S. Census Bureau"
                                        xlink:href="http://www.ngdc.noaa.gov/docucomp/eb139e38-ee29-4d59-b157-5e874d4420c4"/>
               <gfc:listedValue>
                  <gfc:FC_ListedValue>
                     <gfc:label gco:nilReason="inapplicable"/>
                     <gfc:definition>
                        <gco:CharacterString> Range Domain Minimum: 1
                                              Range Domain Maximum: 999999999</gco:CharacterString>
                     </gfc:definition>
                  </gfc:FC_ListedValue>
               </gfc:listedValue>
            </gfc:FC_FeatureAttribute>
         </gfc:carrierOfCharacteristics>
         <gfc:carrierOfCharacteristics>
            <gfc:FC_FeatureAttribute>
               <gfc:memberName>
                  <gco:LocalName>STATEFP10</gco:LocalName>
               </gfc:memberName>
               <gfc:definition>
                  <gco:CharacterString>2010 Census state Federal Information Processing Series (FIPS) codes</gco:CharacterString>
               </gfc:definition>
               <gfc:cardinality gco:nilReason="unknown"/>
               <gfc:definitionReference xlink:title="U.S. Census Bureau"
                                        xlink:href="http://www.ngdc.noaa.gov/docucomp/eb139e38-ee29-4d59-b157-5e874d4420c4"/>
               <gfc:listedValue>
                  <gfc:FC_ListedValue>
                     <gfc:label>
                        <gco:CharacterString>
              National Standard Codes (ANSI INCITS 38-2009), Federal Information Processing
              Series (FIPS) - States/State Equivalents
            </gco:CharacterString>
                     </gfc:label>
                     <gfc:definitionReference xlink:title="U.S. Census Bureau"
                                              xlink:href="http://www.ngdc.noaa.gov/docucomp/eb139e38-ee29-4d59-b157-5e874d4420c4"/>
                  </gfc:FC_ListedValue>
               </gfc:listedValue>
            </gfc:FC_FeatureAttribute>
         </gfc:carrierOfCharacteristics>
         <gfc:carrierOfCharacteristics>
            <gfc:FC_FeatureAttribute>
               <gfc:memberName>
                  <gco:LocalName>COUNTYFP10</gco:LocalName>
               </gfc:memberName>
               <gfc:definition>
                  <gco:CharacterString>2010 Census county Federal Information Processing Series (FIPS) code</gco:CharacterString>
               </gfc:definition>
               <gfc:cardinality gco:nilReason="unknown"/>
               <gfc:definitionReference xlink:title="U.S. Census Bureau"
                                        xlink:href="http://www.ngdc.noaa.gov/docucomp/eb139e38-ee29-4d59-b157-5e874d4420c4"/>
               <gfc:listedValue>
                  <gfc:FC_ListedValue>
                     <gfc:label>
                        <gco:CharacterString>
              National Standard Codes (ANSI INCITS 31-2009), Federal Information Processing
              Series (FIPS) - Counties/County Equivalents
            </gco:CharacterString>
                     </gfc:label>
                     <gfc:definitionReference xlink:title="U.S. Census Bureau"
                                              xlink:href="http://www.ngdc.noaa.gov/docucomp/eb139e38-ee29-4d59-b157-5e874d4420c4"/>
                  </gfc:FC_ListedValue>
               </gfc:listedValue>
            </gfc:FC_FeatureAttribute>
         </gfc:carrierOfCharacteristics>
         <gfc:carrierOfCharacteristics>
            <gfc:FC_FeatureAttribute>
               <gfc:memberName>
                  <gco:LocalName>TRACTCE10</gco:LocalName>
               </gfc:memberName>
               <gfc:definition>
                  <gco:CharacterString>2010 Census census tract code</gco:CharacterString>
               </gfc:definition>
               <gfc:cardinality gco:nilReason="unknown"/>
               <gfc:definitionReference xlink:title="U.S. Census Bureau"
                                        xlink:href="http://www.ngdc.noaa.gov/docucomp/eb139e38-ee29-4d59-b157-5e874d4420c4"/>
               <gfc:listedValue>
                  <gfc:FC_ListedValue>
                     <gfc:label>
                        <gco:CharacterString>000100 to 989999</gco:CharacterString>
                     </gfc:label>
                     <gfc:definition>
                        <gco:CharacterString>Census tract number</gco:CharacterString>
                     </gfc:definition>
                     <gfc:definitionReference xlink:title="U.S. Census Bureau"
                                              xlink:href="http://www.ngdc.noaa.gov/docucomp/eb139e38-ee29-4d59-b157-5e874d4420c4"/>
                  </gfc:FC_ListedValue>
               </gfc:listedValue>
               <gfc:listedValue>
                  <gfc:FC_ListedValue>
                     <gfc:label>
                        <gco:CharacterString>990000 to 990099</gco:CharacterString>
                     </gfc:label>
                     <gfc:definition>
                        <gco:CharacterString>Water tract (2010 and continuing)</gco:CharacterString>
                     </gfc:definition>
                     <gfc:definitionReference xlink:title="U.S. Census Bureau"
                                              xlink:href="http://www.ngdc.noaa.gov/docucomp/eb139e38-ee29-4d59-b157-5e874d4420c4"/>
                  </gfc:FC_ListedValue>
               </gfc:listedValue>
               <gfc:listedValue>
                  <gfc:FC_ListedValue>
                     <gfc:label>
                        <gco:CharacterString>990100 to 998999</gco:CharacterString>
                     </gfc:label>
                     <gfc:definition>
                        <gco:CharacterString>Census tract number</gco:CharacterString>
                     </gfc:definition>
                     <gfc:definitionReference xlink:title="U.S. Census Bureau"
                                              xlink:href="http://www.ngdc.noaa.gov/docucomp/eb139e38-ee29-4d59-b157-5e874d4420c4"/>
                  </gfc:FC_ListedValue>
               </gfc:listedValue>
            </gfc:FC_FeatureAttribute>
         </gfc:carrierOfCharacteristics>
         <gfc:carrierOfCharacteristics>
            <gfc:FC_FeatureAttribute>
               <gfc:memberName>
                  <gco:LocalName>BLKGRPCE10</gco:LocalName>
               </gfc:memberName>
               <gfc:definition>
                  <gco:CharacterString>
          2010 Census block group number. A block group number of 0 represents a water block group.
        </gco:CharacterString>
               </gfc:definition>
               <gfc:cardinality gco:nilReason="unknown"/>
               <gfc:definitionReference xlink:title="U.S. Census Bureau"
                                        xlink:href="http://www.ngdc.noaa.gov/docucomp/eb139e38-ee29-4d59-b157-5e874d4420c4"/>
               <gfc:listedValue>
                  <gfc:FC_ListedValue>
                     <gfc:label gco:nilReason="inapplicable"/>
                     <gfc:definition>
                        <gco:CharacterString> Range Domain Minimum: 0
                                              Range Domain Maximum: 9</gco:CharacterString>
                     </gfc:definition>
                  </gfc:FC_ListedValue>
               </gfc:listedValue>
            </gfc:FC_FeatureAttribute>
         </gfc:carrierOfCharacteristics>
         <gfc:carrierOfCharacteristics>
            <gfc:FC_FeatureAttribute>
               <gfc:memberName>
                  <gco:LocalName>BLOCKCE10</gco:LocalName>
               </gfc:memberName>
               <gfc:definition>
                  <gco:CharacterString>2010 Census tabulation block number</gco:CharacterString>
               </gfc:definition>
               <gfc:cardinality gco:nilReason="unknown"/>
               <gfc:definitionReference xlink:title="U.S. Census Bureau"
                                        xlink:href="http://www.ngdc.noaa.gov/docucomp/eb139e38-ee29-4d59-b157-5e874d4420c4"/>
               <gfc:listedValue>
                  <gfc:FC_ListedValue>
                     <gfc:label gco:nilReason="inapplicable"/>
                     <gfc:definition>
                        <gco:CharacterString> Range Domain Minimum: 0001
                                              Range Domain Maximum: 9999</gco:CharacterString>
                     </gfc:definition>
                  </gfc:FC_ListedValue>
               </gfc:listedValue>
            </gfc:FC_FeatureAttribute>
         </gfc:carrierOfCharacteristics>
         <gfc:carrierOfCharacteristics>
            <gfc:FC_FeatureAttribute>
               <gfc:memberName>
                  <gco:LocalName>SUFFIX1CE</gco:LocalName>
               </gfc:memberName>
               <gfc:definition>
                  <gco:CharacterString>Current census block suffix 1</gco:CharacterString>
               </gfc:definition>
               <gfc:cardinality gco:nilReason="unknown"/>
               <gfc:definitionReference xlink:title="U.S. Census Bureau"
                                        xlink:href="http://www.ngdc.noaa.gov/docucomp/eb139e38-ee29-4d59-b157-5e874d4420c4"/>
               <gfc:listedValue>
                  <gfc:FC_ListedValue>
                     <gfc:label gco:nilReason="inapplicable"/>
                     <gfc:definition>
                        <gco:CharacterString> Range Domain Minimum: A
                                              Range Domain Maximum: Z</gco:CharacterString>
                     </gfc:definition>
                  </gfc:FC_ListedValue>
               </gfc:listedValue>
            </gfc:FC_FeatureAttribute>
         </gfc:carrierOfCharacteristics>
         <gfc:carrierOfCharacteristics>
            <gfc:FC_FeatureAttribute>
               <gfc:memberName>
                  <gco:LocalName>ZCTA5CE10</gco:LocalName>
               </gfc:memberName>
               <gfc:definition>
                  <gco:CharacterString>2010 Census 5-digit ZIP Code Tabulation Area code</gco:CharacterString>
               </gfc:definition>
               <gfc:cardinality gco:nilReason="unknown"/>
               <gfc:definitionReference xlink:title="U.S. Census Bureau"
                                        xlink:href="http://www.ngdc.noaa.gov/docucomp/eb139e38-ee29-4d59-b157-5e874d4420c4"/>
               <gfc:listedValue>
                  <gfc:FC_ListedValue>
                     <gfc:label gco:nilReason="inapplicable"/>
                     <gfc:definition>
                        <gco:CharacterString> Range Domain Minimum: 00401
                                              Range Domain Maximum: 99950</gco:CharacterString>
                     </gfc:definition>
                  </gfc:FC_ListedValue>
               </gfc:listedValue>
            </gfc:FC_FeatureAttribute>
         </gfc:carrierOfCharacteristics>
         <gfc:carrierOfCharacteristics>
            <gfc:FC_FeatureAttribute>
               <gfc:memberName>
                  <gco:LocalName>UACE10</gco:LocalName>
               </gfc:memberName>
               <gfc:definition>
                  <gco:CharacterString>2010 Census urban area code</gco:CharacterString>
               </gfc:definition>
               <gfc:cardinality gco:nilReason="unknown"/>
               <gfc:definitionReference xlink:title="U.S. Census Bureau"
                                        xlink:href="http://www.ngdc.noaa.gov/docucomp/eb139e38-ee29-4d59-b157-5e874d4420c4"/>
               <gfc:listedValue>
                  <gfc:FC_ListedValue>
                     <gfc:label gco:nilReason="inapplicable"/>
                     <gfc:definition>
                        <gco:CharacterString> Range Domain Minimum: 00001
                                              Range Domain Maximum: 98999</gco:CharacterString>
                     </gfc:definition>
                  </gfc:FC_ListedValue>
               </gfc:listedValue>
            </gfc:FC_FeatureAttribute>
         </gfc:carrierOfCharacteristics>
         <gfc:carrierOfCharacteristics>
            <gfc:FC_FeatureAttribute>
               <gfc:memberName>
                  <gco:LocalName>PUMACE10</gco:LocalName>
               </gfc:memberName>
               <gfc:definition>
                  <gco:CharacterString>2010 Census public use microdata area code</gco:CharacterString>
               </gfc:definition>
               <gfc:cardinality gco:nilReason="unknown"/>
               <gfc:definitionReference xlink:title="U.S. Census Bureau"
                                        xlink:href="http://www.ngdc.noaa.gov/docucomp/eb139e38-ee29-4d59-b157-5e874d4420c4"/>
               <gfc:listedValue>
                  <gfc:FC_ListedValue>
                     <gfc:label gco:nilReason="inapplicable"/>
                     <gfc:definition>
                        <gco:CharacterString> Range Domain Minimum: 00100
                                              Range Domain Maximum: 99995</gco:CharacterString>
                     </gfc:definition>
                  </gfc:FC_ListedValue>
               </gfc:listedValue>
            </gfc:FC_FeatureAttribute>
         </gfc:carrierOfCharacteristics>
         <gfc:carrierOfCharacteristics>
            <gfc:FC_FeatureAttribute>
               <gfc:memberName>
                  <gco:LocalName>STATEFP</gco:LocalName>
               </gfc:memberName>
               <gfc:definition>
                  <gco:CharacterString>Current state Federal Information Processing Series (FIPS) code</gco:CharacterString>
               </gfc:definition>
               <gfc:cardinality gco:nilReason="unknown"/>
               <gfc:definitionReference xlink:title="U.S. Census Bureau"
                                        xlink:href="http://www.ngdc.noaa.gov/docucomp/eb139e38-ee29-4d59-b157-5e874d4420c4"/>
               <gfc:listedValue>
                  <gfc:FC_ListedValue>
                     <gfc:label>
                        <gco:CharacterString>
              National Standard Codes (ANSI INCITS 38-2009), Federal Information Processing
              Series (FIPS) - States/State Equivalents
            </gco:CharacterString>
                     </gfc:label>
                     <gfc:definitionReference xlink:title="U.S. Census Bureau"
                                              xlink:href="http://www.ngdc.noaa.gov/docucomp/eb139e38-ee29-4d59-b157-5e874d4420c4"/>
                  </gfc:FC_ListedValue>
               </gfc:listedValue>
            </gfc:FC_FeatureAttribute>
         </gfc:carrierOfCharacteristics>
         <gfc:carrierOfCharacteristics>
            <gfc:FC_FeatureAttribute>
               <gfc:memberName>
                  <gco:LocalName>COUNTYFP</gco:LocalName>
               </gfc:memberName>
               <gfc:definition>
                  <gco:CharacterString>Current county Federal Information Processing Series (FIPS) code</gco:CharacterString>
               </gfc:definition>
               <gfc:cardinality gco:nilReason="unknown"/>
               <gfc:definitionReference xlink:title="U.S. Census Bureau"
                                        xlink:href="http://www.ngdc.noaa.gov/docucomp/eb139e38-ee29-4d59-b157-5e874d4420c4"/>
               <gfc:listedValue>
                  <gfc:FC_ListedValue>
                     <gfc:label>
                        <gco:CharacterString>
              National Standard Codes (ANSI INCITS 31-2009), Federal Information Processing
              Series (FIPS) - Counties/County Equivalents
            </gco:CharacterString>
                     </gfc:label>
                     <gfc:definitionReference xlink:title="U.S. Census Bureau"
                                              xlink:href="http://www.ngdc.noaa.gov/docucomp/eb139e38-ee29-4d59-b157-5e874d4420c4"/>
                  </gfc:FC_ListedValue>
               </gfc:listedValue>
            </gfc:FC_FeatureAttribute>
         </gfc:carrierOfCharacteristics>
         <gfc:carrierOfCharacteristics>
            <gfc:FC_FeatureAttribute>
               <gfc:memberName>
                  <gco:LocalName>TRACTCE</gco:LocalName>
               </gfc:memberName>
               <gfc:definition>
                  <gco:CharacterString>Current census tract code</gco:CharacterString>
               </gfc:definition>
               <gfc:cardinality gco:nilReason="unknown"/>
               <gfc:definitionReference xlink:title="U.S. Census Bureau"
                                        xlink:href="http://www.ngdc.noaa.gov/docucomp/eb139e38-ee29-4d59-b157-5e874d4420c4"/>
               <gfc:listedValue>
                  <gfc:FC_ListedValue>
                     <gfc:label>
                        <gco:CharacterString>000100 to 989999</gco:CharacterString>
                     </gfc:label>
                     <gfc:definition>
                        <gco:CharacterString>Census tract number</gco:CharacterString>
                     </gfc:definition>
                     <gfc:definitionReference xlink:title="U.S. Census Bureau"
                                              xlink:href="http://www.ngdc.noaa.gov/docucomp/eb139e38-ee29-4d59-b157-5e874d4420c4"/>
                  </gfc:FC_ListedValue>
               </gfc:listedValue>
               <gfc:listedValue>
                  <gfc:FC_ListedValue>
                     <gfc:label>
                        <gco:CharacterString>990000 to 990099</gco:CharacterString>
                     </gfc:label>
                     <gfc:definition>
                        <gco:CharacterString>Water tract</gco:CharacterString>
                     </gfc:definition>
                     <gfc:definitionReference xlink:title="U.S. Census Bureau"
                                              xlink:href="http://www.ngdc.noaa.gov/docucomp/eb139e38-ee29-4d59-b157-5e874d4420c4"/>
                  </gfc:FC_ListedValue>
               </gfc:listedValue>
               <gfc:listedValue>
                  <gfc:FC_ListedValue>
                     <gfc:label>
                        <gco:CharacterString>990100 to 998999</gco:CharacterString>
                     </gfc:label>
                     <gfc:definition>
                        <gco:CharacterString>Census tract number</gco:CharacterString>
                     </gfc:definition>
                     <gfc:definitionReference xlink:title="U.S. Census Bureau"
                                              xlink:href="http://www.ngdc.noaa.gov/docucomp/eb139e38-ee29-4d59-b157-5e874d4420c4"/>
                  </gfc:FC_ListedValue>
               </gfc:listedValue>
            </gfc:FC_FeatureAttribute>
         </gfc:carrierOfCharacteristics>
         <gfc:carrierOfCharacteristics>
            <gfc:FC_FeatureAttribute>
               <gfc:memberName>
                  <gco:LocalName>BLKGRPCE</gco:LocalName>
               </gfc:memberName>
               <gfc:definition>
                  <gco:CharacterString>
          Current block group number. A block group number of 0 represents a water block group.
        </gco:CharacterString>
               </gfc:definition>
               <gfc:cardinality gco:nilReason="unknown"/>
               <gfc:definitionReference xlink:title="U.S. Census Bureau"
                                        xlink:href="http://www.ngdc.noaa.gov/docucomp/eb139e38-ee29-4d59-b157-5e874d4420c4"/>
               <gfc:listedValue>
                  <gfc:FC_ListedValue>
                     <gfc:label gco:nilReason="inapplicable"/>
                     <gfc:definition>
                        <gco:CharacterString> Range Domain Minimum: 0
                                              Range Domain Maximum: 9</gco:CharacterString>
                     </gfc:definition>
                  </gfc:FC_ListedValue>
               </gfc:listedValue>
            </gfc:FC_FeatureAttribute>
         </gfc:carrierOfCharacteristics>
         <gfc:carrierOfCharacteristics>
            <gfc:FC_FeatureAttribute>
               <gfc:memberName>
                  <gco:LocalName>COUSUBFP</gco:LocalName>
               </gfc:memberName>
               <gfc:definition>
                  <gco:CharacterString>Current county subdivision Federal Information Processing Series (FIPS) code</gco:CharacterString>
               </gfc:definition>
               <gfc:cardinality gco:nilReason="unknown"/>
               <gfc:definitionReference xlink:title="U.S. Census Bureau"
                                        xlink:href="http://www.ngdc.noaa.gov/docucomp/eb139e38-ee29-4d59-b157-5e874d4420c4"/>
               <gfc:listedValue>
                  <gfc:FC_ListedValue>
                     <gfc:label>
                        <gco:CharacterString>
              Federal Information Processing Series Census Codes for Named Populated Places,
              Primary County Divisions, and other Locational Entities of the United States,
              Puerto Rico, and the Island Areas (Formerly FIPS 55-3)
            </gco:CharacterString>
                     </gfc:label>
                     <gfc:definitionReference xlink:title="U.S. Census Bureau"
                                              xlink:href="http://www.ngdc.noaa.gov/docucomp/eb139e38-ee29-4d59-b157-5e874d4420c4"/>
                  </gfc:FC_ListedValue>
               </gfc:listedValue>
            </gfc:FC_FeatureAttribute>
         </gfc:carrierOfCharacteristics>
         <gfc:carrierOfCharacteristics>
            <gfc:FC_FeatureAttribute>
               <gfc:memberName>
                  <gco:LocalName>SUBMCDFP</gco:LocalName>
               </gfc:memberName>
               <gfc:definition>
                  <gco:CharacterString>Current subminor civil division Federal Information Processing Series (FIPS) code</gco:CharacterString>
               </gfc:definition>
               <gfc:cardinality gco:nilReason="unknown"/>
               <gfc:definitionReference xlink:title="U.S. Census Bureau"
                                        xlink:href="http://www.ngdc.noaa.gov/docucomp/eb139e38-ee29-4d59-b157-5e874d4420c4"/>
               <gfc:listedValue>
                  <gfc:FC_ListedValue>
                     <gfc:label gco:nilReason="inapplicable"/>
                     <gfc:definition>
                        <gco:CharacterString> Range Domain Minimum: 00001
                                              Range Domain Maximum: 89999</gco:CharacterString>
                     </gfc:definition>
                  </gfc:FC_ListedValue>
               </gfc:listedValue>
            </gfc:FC_FeatureAttribute>
         </gfc:carrierOfCharacteristics>
         <gfc:carrierOfCharacteristics>
            <gfc:FC_FeatureAttribute>
               <gfc:memberName>
                  <gco:LocalName>ESTATEFP</gco:LocalName>
               </gfc:memberName>
               <gfc:definition>
                  <gco:CharacterString>Current estate Federal Information Processing Series (FIPS) code</gco:CharacterString>
               </gfc:definition>
               <gfc:cardinality gco:nilReason="unknown"/>
               <gfc:definitionReference xlink:title="U.S. Census Bureau"
                                        xlink:href="http://www.ngdc.noaa.gov/docucomp/eb139e38-ee29-4d59-b157-5e874d4420c4"/>
               <gfc:listedValue>
                  <gfc:FC_ListedValue>
                     <gfc:label gco:nilReason="inapplicable"/>
                     <gfc:definition>
                        <gco:CharacterString> Range Domain Minimum: 00001
                                              Range Domain Maximum: 89999</gco:CharacterString>
                     </gfc:definition>
                  </gfc:FC_ListedValue>
               </gfc:listedValue>
            </gfc:FC_FeatureAttribute>
         </gfc:carrierOfCharacteristics>
         <gfc:carrierOfCharacteristics>
            <gfc:FC_FeatureAttribute>
               <gfc:memberName>
                  <gco:LocalName>CONCTYFP</gco:LocalName>
               </gfc:memberName>
               <gfc:definition>
                  <gco:CharacterString>Current consolidated city Federal Information Processing Series (FIPS) code</gco:CharacterString>
               </gfc:definition>
               <gfc:cardinality gco:nilReason="unknown"/>
               <gfc:definitionReference xlink:title="U.S. Census Bureau"
                                        xlink:href="http://www.ngdc.noaa.gov/docucomp/eb139e38-ee29-4d59-b157-5e874d4420c4"/>
               <gfc:listedValue>
                  <gfc:FC_ListedValue>
                     <gfc:label>
                        <gco:CharacterString>
              Federal Information Processing Series Census Codes for Named Populated Places,
              Primary County Divisions, and other Locational Entities of the United States,
              Puerto Rico, and the Island Areas (Formerly FIPS 55-3)
            </gco:CharacterString>
                     </gfc:label>
                     <gfc:definitionReference xlink:title="U.S. Census Bureau"
                                              xlink:href="http://www.ngdc.noaa.gov/docucomp/eb139e38-ee29-4d59-b157-5e874d4420c4"/>
                  </gfc:FC_ListedValue>
               </gfc:listedValue>
            </gfc:FC_FeatureAttribute>
         </gfc:carrierOfCharacteristics>
         <gfc:carrierOfCharacteristics>
            <gfc:FC_FeatureAttribute>
               <gfc:memberName>
                  <gco:LocalName>PLACEFP</gco:LocalName>
               </gfc:memberName>
               <gfc:definition>
                  <gco:CharacterString>Current place Federal Information Processing Series (FIPS) code</gco:CharacterString>
               </gfc:definition>
               <gfc:cardinality gco:nilReason="unknown"/>
               <gfc:definitionReference xlink:title="U.S. Census Bureau"
                                        xlink:href="http://www.ngdc.noaa.gov/docucomp/eb139e38-ee29-4d59-b157-5e874d4420c4"/>
               <gfc:listedValue>
                  <gfc:FC_ListedValue>
                     <gfc:label>
                        <gco:CharacterString>
              Federal Information Processing Series Census Codes for Named Populated Places,
              Primary County Divisions, and other Locational Entities of the United States,
              Puerto Rico, and the Island Areas (Formerly FIPS 55-3)
            </gco:CharacterString>
                     </gfc:label>
                     <gfc:definitionReference xlink:title="U.S. Census Bureau"
                                              xlink:href="http://www.ngdc.noaa.gov/docucomp/eb139e38-ee29-4d59-b157-5e874d4420c4"/>
                  </gfc:FC_ListedValue>
               </gfc:listedValue>
            </gfc:FC_FeatureAttribute>
         </gfc:carrierOfCharacteristics>
         <gfc:carrierOfCharacteristics>
            <gfc:FC_FeatureAttribute>
               <gfc:memberName>
                  <gco:LocalName>AIANNHFP</gco:LocalName>
               </gfc:memberName>
               <gfc:definition>
                  <gco:CharacterString>Current American Indian/Alaska Native/Native Hawaiian area FIPS code</gco:CharacterString>
               </gfc:definition>
               <gfc:cardinality gco:nilReason="unknown"/>
               <gfc:definitionReference xlink:title="U.S. Census Bureau"
                                        xlink:href="http://www.ngdc.noaa.gov/docucomp/eb139e38-ee29-4d59-b157-5e874d4420c4"/>
               <gfc:listedValue>
                  <gfc:FC_ListedValue>
                     <gfc:label>
                        <gco:CharacterString>
              Federal Information Processing Series Census Codes for Named Populated Places,
              Primary County Divisions, and other Locational Entities of the United States,
              Puerto Rico, and the Island Areas (Formerly FIPS 55-3)
            </gco:CharacterString>
                     </gfc:label>
                     <gfc:definitionReference xlink:title="U.S. Census Bureau"
                                              xlink:href="http://www.ngdc.noaa.gov/docucomp/eb139e38-ee29-4d59-b157-5e874d4420c4"/>
                  </gfc:FC_ListedValue>
               </gfc:listedValue>
            </gfc:FC_FeatureAttribute>
         </gfc:carrierOfCharacteristics>
         <gfc:carrierOfCharacteristics>
            <gfc:FC_FeatureAttribute>
               <gfc:memberName>
                  <gco:LocalName>AIANNHCE</gco:LocalName>
               </gfc:memberName>
               <gfc:definition>
                  <gco:CharacterString>Current American Indian/Alaska Native/Native Hawaiian area census code</gco:CharacterString>
               </gfc:definition>
               <gfc:cardinality gco:nilReason="unknown"/>
               <gfc:definitionReference xlink:title="U.S. Census Bureau"
                                        xlink:href="http://www.ngdc.noaa.gov/docucomp/eb139e38-ee29-4d59-b157-5e874d4420c4"/>
               <gfc:listedValue>
                  <gfc:FC_ListedValue>
                     <gfc:label>
                        <gco:CharacterString>0001 to 4799</gco:CharacterString>
                     </gfc:label>
                     <gfc:definition>
                        <gco:CharacterString>Federally recognized legal American Indian area</gco:CharacterString>
                     </gfc:definition>
                     <gfc:definitionReference xlink:title="U.S. Census Bureau"
                                              xlink:href="http://www.ngdc.noaa.gov/docucomp/eb139e38-ee29-4d59-b157-5e874d4420c4"/>
                  </gfc:FC_ListedValue>
               </gfc:listedValue>
               <gfc:listedValue>
                  <gfc:FC_ListedValue>
                     <gfc:label>
                        <gco:CharacterString>4800 to 4989</gco:CharacterString>
                     </gfc:label>
                     <gfc:definition>
                        <gco:CharacterString>American Indian Joint-Use Area</gco:CharacterString>
                     </gfc:definition>
                     <gfc:definitionReference xlink:title="U.S. Census Bureau"
                                              xlink:href="http://www.ngdc.noaa.gov/docucomp/eb139e38-ee29-4d59-b157-5e874d4420c4"/>
                  </gfc:FC_ListedValue>
               </gfc:listedValue>
               <gfc:listedValue>
                  <gfc:FC_ListedValue>
                     <gfc:label>
                        <gco:CharacterString>5000 to 5499</gco:CharacterString>
                     </gfc:label>
                     <gfc:definition>
                        <gco:CharacterString>Hawaiian Home Land</gco:CharacterString>
                     </gfc:definition>
                     <gfc:definitionReference xlink:title="U.S. Census Bureau"
                                              xlink:href="http://www.ngdc.noaa.gov/docucomp/eb139e38-ee29-4d59-b157-5e874d4420c4"/>
                  </gfc:FC_ListedValue>
               </gfc:listedValue>
               <gfc:listedValue>
                  <gfc:FC_ListedValue>
                     <gfc:label>
                        <gco:CharacterString>5500 to 5899</gco:CharacterString>
                     </gfc:label>
                     <gfc:definition>
                        <gco:CharacterString>Oklahoma Tribal Statistical Area</gco:CharacterString>
                     </gfc:definition>
                     <gfc:definitionReference xlink:title="U.S. Census Bureau"
                                              xlink:href="http://www.ngdc.noaa.gov/docucomp/eb139e38-ee29-4d59-b157-5e874d4420c4"/>
                  </gfc:FC_ListedValue>
               </gfc:listedValue>
               <gfc:listedValue>
                  <gfc:FC_ListedValue>
                     <gfc:label>
                        <gco:CharacterString>5900 to 5999</gco:CharacterString>
                     </gfc:label>
                     <gfc:definition>
                        <gco:CharacterString>Joint-Use Oklahoma Tribal Statistical Area</gco:CharacterString>
                     </gfc:definition>
                     <gfc:definitionReference xlink:title="U.S. Census Bureau"
                                              xlink:href="http://www.ngdc.noaa.gov/docucomp/eb139e38-ee29-4d59-b157-5e874d4420c4"/>
                  </gfc:FC_ListedValue>
               </gfc:listedValue>
               <gfc:listedValue>
                  <gfc:FC_ListedValue>
                     <gfc:label>
                        <gco:CharacterString>6000 to 7999</gco:CharacterString>
                     </gfc:label>
                     <gfc:definition>
                        <gco:CharacterString>Alaska Native Village Statistical Area</gco:CharacterString>
                     </gfc:definition>
                     <gfc:definitionReference xlink:title="U.S. Census Bureau"
                                              xlink:href="http://www.ngdc.noaa.gov/docucomp/eb139e38-ee29-4d59-b157-5e874d4420c4"/>
                  </gfc:FC_ListedValue>
               </gfc:listedValue>
               <gfc:listedValue>
                  <gfc:FC_ListedValue>
                     <gfc:label>
                        <gco:CharacterString>8000 to 8999</gco:CharacterString>
                     </gfc:label>
                     <gfc:definition>
                        <gco:CharacterString>Tribal Designated Statistical Area</gco:CharacterString>
                     </gfc:definition>
                     <gfc:definitionReference xlink:title="U.S. Census Bureau"
                                              xlink:href="http://www.ngdc.noaa.gov/docucomp/eb139e38-ee29-4d59-b157-5e874d4420c4"/>
                  </gfc:FC_ListedValue>
               </gfc:listedValue>
               <gfc:listedValue>
                  <gfc:FC_ListedValue>
                     <gfc:label>
                        <gco:CharacterString>9000 to 9499</gco:CharacterString>
                     </gfc:label>
                     <gfc:definition>
                        <gco:CharacterString>State recognized legal American Indian area</gco:CharacterString>
                     </gfc:definition>
                     <gfc:definitionReference xlink:title="U.S. Census Bureau"
                                              xlink:href="http://www.ngdc.noaa.gov/docucomp/eb139e38-ee29-4d59-b157-5e874d4420c4"/>
                  </gfc:FC_ListedValue>
               </gfc:listedValue>
               <gfc:listedValue>
                  <gfc:FC_ListedValue>
                     <gfc:label>
                        <gco:CharacterString>9500 to 9998</gco:CharacterString>
                     </gfc:label>
                     <gfc:definition>
                        <gco:CharacterString>State Designated Tribal Statistical Area</gco:CharacterString>
                     </gfc:definition>
                     <gfc:definitionReference xlink:title="U.S. Census Bureau"
                                              xlink:href="http://www.ngdc.noaa.gov/docucomp/eb139e38-ee29-4d59-b157-5e874d4420c4"/>
                  </gfc:FC_ListedValue>
               </gfc:listedValue>
            </gfc:FC_FeatureAttribute>
         </gfc:carrierOfCharacteristics>
         <gfc:carrierOfCharacteristics>
            <gfc:FC_FeatureAttribute>
               <gfc:memberName>
                  <gco:LocalName>COMPTYP</gco:LocalName>
               </gfc:memberName>
               <gfc:definition>
                  <gco:CharacterString>
          Current American Indian/Alaska Native/Native Hawaiian area reservation/statistical
          area or off-reservation trust land Hawaiian home land indicator
        </gco:CharacterString>
               </gfc:definition>
               <gfc:cardinality gco:nilReason="unknown"/>
               <gfc:definitionReference xlink:title="U.S. Census Bureau"
                                        xlink:href="http://www.ngdc.noaa.gov/docucomp/eb139e38-ee29-4d59-b157-5e874d4420c4"/>
               <gfc:listedValue>
                  <gfc:FC_ListedValue>
                     <gfc:label>
                        <gco:CharacterString>R</gco:CharacterString>
                     </gfc:label>
                     <gfc:definition>
                        <gco:CharacterString>Reservation or statistical area</gco:CharacterString>
                     </gfc:definition>
                     <gfc:definitionReference xlink:title="U.S. Census Bureau"
                                              xlink:href="http://www.ngdc.noaa.gov/docucomp/eb139e38-ee29-4d59-b157-5e874d4420c4"/>
                  </gfc:FC_ListedValue>
               </gfc:listedValue>
               <gfc:listedValue>
                  <gfc:FC_ListedValue>
                     <gfc:label>
                        <gco:CharacterString>T</gco:CharacterString>
                     </gfc:label>
                     <gfc:definition>
                        <gco:CharacterString>Off-reservation trust land</gco:CharacterString>
                     </gfc:definition>
                     <gfc:definitionReference xlink:title="U.S. Census Bureau"
                                              xlink:href="http://www.ngdc.noaa.gov/docucomp/eb139e38-ee29-4d59-b157-5e874d4420c4"/>
                  </gfc:FC_ListedValue>
               </gfc:listedValue>
            </gfc:FC_FeatureAttribute>
         </gfc:carrierOfCharacteristics>
         <gfc:carrierOfCharacteristics>
            <gfc:FC_FeatureAttribute>
               <gfc:memberName>
                  <gco:LocalName>TRSUBFP</gco:LocalName>
               </gfc:memberName>
               <gfc:definition>
                  <gco:CharacterString>Current American Indian tribal subdivision FIPS code</gco:CharacterString>
               </gfc:definition>
               <gfc:cardinality gco:nilReason="unknown"/>
               <gfc:definitionReference xlink:title="U.S. Census Bureau"
                                        xlink:href="http://www.ngdc.noaa.gov/docucomp/eb139e38-ee29-4d59-b157-5e874d4420c4"/>
               <gfc:listedValue>
                  <gfc:FC_ListedValue>
                     <gfc:label>
                        <gco:CharacterString>
              Federal Information Processing Series Census Codes for Named Populated Places,
              Primary County Divisions, and other Locational Entities of the United States,
              Puerto Rico, and the Island Areas (Formerly FIPS 55-3)
            </gco:CharacterString>
                     </gfc:label>
                     <gfc:definitionReference xlink:title="U.S. Census Bureau"
                                              xlink:href="http://www.ngdc.noaa.gov/docucomp/eb139e38-ee29-4d59-b157-5e874d4420c4"/>
                  </gfc:FC_ListedValue>
               </gfc:listedValue>
            </gfc:FC_FeatureAttribute>
         </gfc:carrierOfCharacteristics>
         <gfc:carrierOfCharacteristics>
            <gfc:FC_FeatureAttribute>
               <gfc:memberName>
                  <gco:LocalName>TRSUBCE</gco:LocalName>
               </gfc:memberName>
               <gfc:definition>
                  <gco:CharacterString>
          Current American Indian tribal subdivision code. A code of 999 represents the balance
          of AIAN with at least one tribal subdivision that is not in a tribal subdivision.
        </gco:CharacterString>
               </gfc:definition>
               <gfc:cardinality gco:nilReason="unknown"/>
               <gfc:definitionReference xlink:title="U.S. Census Bureau"
                                        xlink:href="http://www.ngdc.noaa.gov/docucomp/eb139e38-ee29-4d59-b157-5e874d4420c4"/>
               <gfc:listedValue>
                  <gfc:FC_ListedValue>
                     <gfc:label gco:nilReason="inapplicable"/>
                     <gfc:definition>
                        <gco:CharacterString> Range Domain Minimum: 001
                                              Range Domain Maximum: 999</gco:CharacterString>
                     </gfc:definition>
                  </gfc:FC_ListedValue>
               </gfc:listedValue>
            </gfc:FC_FeatureAttribute>
         </gfc:carrierOfCharacteristics>
         <gfc:carrierOfCharacteristics>
            <gfc:FC_FeatureAttribute>
               <gfc:memberName>
                  <gco:LocalName>ANRCFP</gco:LocalName>
               </gfc:memberName>
               <gfc:definition>
                  <gco:CharacterString>
          Current Alaska Native Regional Corporation Federal Information Processing Series (FIPS)
          code
        </gco:CharacterString>
               </gfc:definition>
               <gfc:cardinality gco:nilReason="unknown"/>
               <gfc:definitionReference xlink:title="U.S. Census Bureau"
                                        xlink:href="http://www.ngdc.noaa.gov/docucomp/eb139e38-ee29-4d59-b157-5e874d4420c4"/>
               <gfc:listedValue>
                  <gfc:FC_ListedValue>
                     <gfc:label>
                        <gco:CharacterString>
              Federal Information Processing Series Census Codes for Named Populated Places,
              Primary County Divisions, and other Locational Entities of the United States,
              Puerto Rico, and the Island Areas (Formerly FIPS 55-3)
            </gco:CharacterString>
                     </gfc:label>
                     <gfc:definitionReference xlink:title="U.S. Census Bureau"
                                              xlink:href="http://www.ngdc.noaa.gov/docucomp/eb139e38-ee29-4d59-b157-5e874d4420c4"/>
                  </gfc:FC_ListedValue>
               </gfc:listedValue>
            </gfc:FC_FeatureAttribute>
         </gfc:carrierOfCharacteristics>
         <gfc:carrierOfCharacteristics>
            <gfc:FC_FeatureAttribute>
               <gfc:memberName>
                  <gco:LocalName>TTRACTCE</gco:LocalName>
               </gfc:memberName>
               <gfc:definition>
                  <gco:CharacterString>Current tribal census tract code</gco:CharacterString>
               </gfc:definition>
               <gfc:cardinality gco:nilReason="unknown"/>
               <gfc:definitionReference xlink:title="U.S. Census Bureau"
                                        xlink:href="http://www.ngdc.noaa.gov/docucomp/eb139e38-ee29-4d59-b157-5e874d4420c4"/>
               <gfc:listedValue>
                  <gfc:FC_ListedValue>
                     <gfc:label gco:nilReason="inapplicable"/>
                     <gfc:definition>
                        <gco:CharacterString> Range Domain Minimum: T00000
                                              Range Domain Maximum: T98999</gco:CharacterString>
                     </gfc:definition>
                  </gfc:FC_ListedValue>
               </gfc:listedValue>
            </gfc:FC_FeatureAttribute>
         </gfc:carrierOfCharacteristics>
         <gfc:carrierOfCharacteristics>
            <gfc:FC_FeatureAttribute>
               <gfc:memberName>
                  <gco:LocalName>TBLKGPCE</gco:LocalName>
               </gfc:memberName>
               <gfc:definition>
                  <gco:CharacterString>Current tribal block group letter</gco:CharacterString>
               </gfc:definition>
               <gfc:cardinality gco:nilReason="unknown"/>
               <gfc:definitionReference xlink:title="U.S. Census Bureau"
                                        xlink:href="http://www.ngdc.noaa.gov/docucomp/eb139e38-ee29-4d59-b157-5e874d4420c4"/>
               <gfc:listedValue>
                  <gfc:FC_ListedValue>
                     <gfc:label>
                        <gco:CharacterString>J</gco:CharacterString>
                     </gfc:label>
                     <gfc:definition>
                        <gco:CharacterString>Tribal block group letter</gco:CharacterString>
                     </gfc:definition>
                     <gfc:definitionReference xlink:title="U.S. Census Bureau"
                                              xlink:href="http://www.ngdc.noaa.gov/docucomp/eb139e38-ee29-4d59-b157-5e874d4420c4"/>
                  </gfc:FC_ListedValue>
               </gfc:listedValue>
               <gfc:listedValue>
                  <gfc:FC_ListedValue>
                     <gfc:label>
                        <gco:CharacterString>K</gco:CharacterString>
                     </gfc:label>
                     <gfc:definition>
                        <gco:CharacterString>Tirbal block group letter</gco:CharacterString>
                     </gfc:definition>
                     <gfc:definitionReference xlink:title="U.S. Census Bureau"
                                              xlink:href="http://www.ngdc.noaa.gov/docucomp/eb139e38-ee29-4d59-b157-5e874d4420c4"/>
                  </gfc:FC_ListedValue>
               </gfc:listedValue>
               <gfc:listedValue>
                  <gfc:FC_ListedValue>
                     <gfc:label>
                        <gco:CharacterString>A to H</gco:CharacterString>
                     </gfc:label>
                     <gfc:definition>
                        <gco:CharacterString>Tribal block group letter</gco:CharacterString>
                     </gfc:definition>
                     <gfc:definitionReference xlink:title="U.S. Census Bureau"
                                              xlink:href="http://www.ngdc.noaa.gov/docucomp/eb139e38-ee29-4d59-b157-5e874d4420c4"/>
                  </gfc:FC_ListedValue>
               </gfc:listedValue>
            </gfc:FC_FeatureAttribute>
         </gfc:carrierOfCharacteristics>
         <gfc:carrierOfCharacteristics>
            <gfc:FC_FeatureAttribute>
               <gfc:memberName>
                  <gco:LocalName>ELSDLEA</gco:LocalName>
               </gfc:memberName>
               <gfc:definition>
                  <gco:CharacterString>Current elementary school district local education agency code</gco:CharacterString>
               </gfc:definition>
               <gfc:cardinality gco:nilReason="unknown"/>
               <gfc:definitionReference>
                  <gfc:FC_DefinitionReference>
                     <gfc:definitionSource>
                        <gfc:FC_DefinitionSource>
                           <gfc:source>
                              <gmd:CI_Citation>
                                 <gmd:title gco:nilReason="inapplicable"/>
                                 <gmd:date gco:nilReason="unknown"/>
                                 <gmd:citedResponsibleParty>
                                    <gmd:CI_ResponsibleParty>
                                       <gmd:organisationName>
                                          <gco:CharacterString>local school district</gco:CharacterString>
                                       </gmd:organisationName>
                                       <gmd:role>
                                          <gmd:CI_RoleCode codeList="http://www.isotc211.org/2005/resources/Codelist/gmxCodelists.xml#CI_RoleCode"
                                                           codeListValue="resourceProvider"
                                                           codeSpace="001"> resourceProvider
                                                  </gmd:CI_RoleCode>
                                       </gmd:role>
                                    </gmd:CI_ResponsibleParty>
                                 </gmd:citedResponsibleParty>
                              </gmd:CI_Citation>
                           </gfc:source>
                        </gfc:FC_DefinitionSource>
                     </gfc:definitionSource>
                  </gfc:FC_DefinitionReference>
               </gfc:definitionReference>
               <gfc:listedValue>
                  <gfc:FC_ListedValue>
                     <gfc:label gco:nilReason="inapplicable"/>
                     <gfc:definition>
                        <gco:CharacterString> Range Domain Minimum: 00001
                                              Range Domain Maximum: 99996</gco:CharacterString>
                     </gfc:definition>
                  </gfc:FC_ListedValue>
               </gfc:listedValue>
            </gfc:FC_FeatureAttribute>
         </gfc:carrierOfCharacteristics>
         <gfc:carrierOfCharacteristics>
            <gfc:FC_FeatureAttribute>
               <gfc:memberName>
                  <gco:LocalName>SCSDLEA</gco:LocalName>
               </gfc:memberName>
               <gfc:definition>
                  <gco:CharacterString>Current secondary school district local education agency code</gco:CharacterString>
               </gfc:definition>
               <gfc:cardinality gco:nilReason="unknown"/>
               <gfc:definitionReference>
                  <gfc:FC_DefinitionReference>
                     <gfc:definitionSource>
                        <gfc:FC_DefinitionSource>
                           <gfc:source>
                              <gmd:CI_Citation>
                                 <gmd:title gco:nilReason="inapplicable"/>
                                 <gmd:date gco:nilReason="unknown"/>
                                 <gmd:citedResponsibleParty>
                                    <gmd:CI_ResponsibleParty>
                                       <gmd:organisationName>
                                          <gco:CharacterString>local school district</gco:CharacterString>
                                       </gmd:organisationName>
                                       <gmd:role>
                                          <gmd:CI_RoleCode codeList="http://www.isotc211.org/2005/resources/Codelist/gmxCodelists.xml#CI_RoleCode"
                                                           codeListValue="resourceProvider"
                                                           codeSpace="001"> resourceProvider
                                                  </gmd:CI_RoleCode>
                                       </gmd:role>
                                    </gmd:CI_ResponsibleParty>
                                 </gmd:citedResponsibleParty>
                              </gmd:CI_Citation>
                           </gfc:source>
                        </gfc:FC_DefinitionSource>
                     </gfc:definitionSource>
                  </gfc:FC_DefinitionReference>
               </gfc:definitionReference>
               <gfc:listedValue>
                  <gfc:FC_ListedValue>
                     <gfc:label gco:nilReason="inapplicable"/>
                     <gfc:definition>
                        <gco:CharacterString> Range Domain Minimum: 00001
                                              Range Domain Maximum: 99996</gco:CharacterString>
                     </gfc:definition>
                  </gfc:FC_ListedValue>
               </gfc:listedValue>
            </gfc:FC_FeatureAttribute>
         </gfc:carrierOfCharacteristics>
         <gfc:carrierOfCharacteristics>
            <gfc:FC_FeatureAttribute>
               <gfc:memberName>
                  <gco:LocalName>UNSDLEA</gco:LocalName>
               </gfc:memberName>
               <gfc:definition>
                  <gco:CharacterString>
          Current unified school district local education agency code. A code of 99997 represents
          a school district that has not been defined.
        </gco:CharacterString>
               </gfc:definition>
               <gfc:cardinality gco:nilReason="unknown"/>
               <gfc:definitionReference>
                  <gfc:FC_DefinitionReference>
                     <gfc:definitionSource>
                        <gfc:FC_DefinitionSource>
                           <gfc:source>
                              <gmd:CI_Citation>
                                 <gmd:title gco:nilReason="inapplicable"/>
                                 <gmd:date gco:nilReason="unknown"/>
                                 <gmd:citedResponsibleParty>
                                    <gmd:CI_ResponsibleParty>
                                       <gmd:organisationName>
                                          <gco:CharacterString>local school district</gco:CharacterString>
                                       </gmd:organisationName>
                                       <gmd:role>
                                          <gmd:CI_RoleCode codeList="http://www.isotc211.org/2005/resources/Codelist/gmxCodelists.xml#CI_RoleCode"
                                                           codeListValue="resourceProvider"
                                                           codeSpace="001"> resourceProvider
                                                  </gmd:CI_RoleCode>
                                       </gmd:role>
                                    </gmd:CI_ResponsibleParty>
                                 </gmd:citedResponsibleParty>
                              </gmd:CI_Citation>
                           </gfc:source>
                        </gfc:FC_DefinitionSource>
                     </gfc:definitionSource>
                  </gfc:FC_DefinitionReference>
               </gfc:definitionReference>
               <gfc:listedValue>
                  <gfc:FC_ListedValue>
                     <gfc:label gco:nilReason="inapplicable"/>
                     <gfc:definition>
                        <gco:CharacterString> Range Domain Minimum: 00001
                                              Range Domain Maximum: 99997</gco:CharacterString>
                     </gfc:definition>
                  </gfc:FC_ListedValue>
               </gfc:listedValue>
            </gfc:FC_FeatureAttribute>
         </gfc:carrierOfCharacteristics>
         <gfc:carrierOfCharacteristics>
            <gfc:FC_FeatureAttribute>
               <gfc:memberName>
                  <gco:LocalName>CD116FP</gco:LocalName>
               </gfc:memberName>
               <gfc:definition>
                  <gco:CharacterString>116th congressional district code</gco:CharacterString>
               </gfc:definition>
               <gfc:cardinality gco:nilReason="unknown"/>
               <gfc:definitionReference xlink:title="U.S. Census Bureau"
                                        xlink:href="http://www.ngdc.noaa.gov/docucomp/eb139e38-ee29-4d59-b157-5e874d4420c4"/>
               <gfc:listedValue>
                  <gfc:FC_ListedValue>
                     <gfc:label>
                        <gco:CharacterString>00</gco:CharacterString>
                     </gfc:label>
                     <gfc:definition>
                        <gco:CharacterString>At Large Representation</gco:CharacterString>
                     </gfc:definition>
                     <gfc:definitionReference xlink:title="U.S. Census Bureau"
                                              xlink:href="http://www.ngdc.noaa.gov/docucomp/eb139e38-ee29-4d59-b157-5e874d4420c4"/>
                  </gfc:FC_ListedValue>
               </gfc:listedValue>
               <gfc:listedValue>
                  <gfc:FC_ListedValue>
                     <gfc:label>
                        <gco:CharacterString>98</gco:CharacterString>
                     </gfc:label>
                     <gfc:definition>
                        <gco:CharacterString>Non-Voting Delegate</gco:CharacterString>
                     </gfc:definition>
                     <gfc:definitionReference xlink:title="U.S. Census Bureau"
                                              xlink:href="http://www.ngdc.noaa.gov/docucomp/eb139e38-ee29-4d59-b157-5e874d4420c4"/>
                  </gfc:FC_ListedValue>
               </gfc:listedValue>
               <gfc:listedValue>
                  <gfc:FC_ListedValue>
                     <gfc:label>
                        <gco:CharacterString>01 to 53</gco:CharacterString>
                     </gfc:label>
                     <gfc:definition>
                        <gco:CharacterString>Congressional District (in states with more than one district)</gco:CharacterString>
                     </gfc:definition>
                     <gfc:definitionReference xlink:title="U.S. Census Bureau"
                                              xlink:href="http://www.ngdc.noaa.gov/docucomp/eb139e38-ee29-4d59-b157-5e874d4420c4"/>
                  </gfc:FC_ListedValue>
               </gfc:listedValue>
               <gfc:listedValue>
                  <gfc:FC_ListedValue>
                     <gfc:label>
                        <gco:CharacterString>ZZ</gco:CharacterString>
                     </gfc:label>
                     <gfc:definition>
                        <gco:CharacterString>Congressional District Not Defined</gco:CharacterString>
                     </gfc:definition>
                     <gfc:definitionReference xlink:title="U.S. Census Bureau"
                                              xlink:href="http://www.ngdc.noaa.gov/docucomp/eb139e38-ee29-4d59-b157-5e874d4420c4"/>
                  </gfc:FC_ListedValue>
               </gfc:listedValue>
            </gfc:FC_FeatureAttribute>
         </gfc:carrierOfCharacteristics>
         <gfc:carrierOfCharacteristics>
            <gfc:FC_FeatureAttribute>
               <gfc:memberName>
                  <gco:LocalName>SLDUST</gco:LocalName>
               </gfc:memberName>
               <gfc:definition>
                  <gco:CharacterString>Current state legislative district (upper chamber) code</gco:CharacterString>
               </gfc:definition>
               <gfc:cardinality gco:nilReason="unknown"/>
               <gfc:definitionReference xlink:title="U.S. Census Bureau"
                                        xlink:href="http://www.ngdc.noaa.gov/docucomp/eb139e38-ee29-4d59-b157-5e874d4420c4"/>
               <gfc:listedValue>
                  <gfc:FC_ListedValue>
                     <gfc:label gco:nilReason="inapplicable"/>
                     <gfc:definition>
                        <gco:CharacterString>
            Any ASCII alphabetic or numeric character combination plus hyphens from one to three
            characters. A code of ZZZ refers to a State legislative district (upper chamber)
            not defined.
          </gco:CharacterString>
                     </gfc:definition>
                  </gfc:FC_ListedValue>
               </gfc:listedValue>
            </gfc:FC_FeatureAttribute>
         </gfc:carrierOfCharacteristics>
         <gfc:carrierOfCharacteristics>
            <gfc:FC_FeatureAttribute>
               <gfc:memberName>
                  <gco:LocalName>SLDLST</gco:LocalName>
               </gfc:memberName>
               <gfc:definition>
                  <gco:CharacterString>Current state legislative district (lower chamber) code</gco:CharacterString>
               </gfc:definition>
               <gfc:cardinality gco:nilReason="unknown"/>
               <gfc:definitionReference xlink:title="U.S. Census Bureau"
                                        xlink:href="http://www.ngdc.noaa.gov/docucomp/eb139e38-ee29-4d59-b157-5e874d4420c4"/>
               <gfc:listedValue>
                  <gfc:FC_ListedValue>
                     <gfc:label gco:nilReason="inapplicable"/>
                     <gfc:definition>
                        <gco:CharacterString>
            Any ASCII alphabetic or numeric character combination plus hyphens from one to three
            characters. A code of ZZZ refers to a State legislative district (upper chamber)
            not defined.
          </gco:CharacterString>
                     </gfc:definition>
                  </gfc:FC_ListedValue>
               </gfc:listedValue>
            </gfc:FC_FeatureAttribute>
         </gfc:carrierOfCharacteristics>
         <gfc:carrierOfCharacteristics>
            <gfc:FC_FeatureAttribute>
               <gfc:memberName>
                  <gco:LocalName>CSAFP</gco:LocalName>
               </gfc:memberName>
               <gfc:definition>
                  <gco:CharacterString>Current combined statistical area code</gco:CharacterString>
               </gfc:definition>
               <gfc:cardinality gco:nilReason="unknown"/>
               <gfc:definitionReference xlink:title="U.S. Census Bureau"
                                        xlink:href="http://www.ngdc.noaa.gov/docucomp/eb139e38-ee29-4d59-b157-5e874d4420c4"/>
               <gfc:listedValue>
                  <gfc:FC_ListedValue>
                     <gfc:label gco:nilReason="inapplicable"/>
                     <gfc:definition>
                        <gco:CharacterString> Range Domain Minimum: 100
                                              Range Domain Maximum: 599</gco:CharacterString>
                     </gfc:definition>
                  </gfc:FC_ListedValue>
               </gfc:listedValue>
            </gfc:FC_FeatureAttribute>
         </gfc:carrierOfCharacteristics>
         <gfc:carrierOfCharacteristics>
            <gfc:FC_FeatureAttribute>
               <gfc:memberName>
                  <gco:LocalName>CBSAFP</gco:LocalName>
               </gfc:memberName>
               <gfc:definition>
                  <gco:CharacterString>Current metropolitan statistical area/micropolitan statistical area code</gco:CharacterString>
               </gfc:definition>
               <gfc:cardinality gco:nilReason="unknown"/>
               <gfc:definitionReference xlink:title="U.S. Census Bureau"
                                        xlink:href="http://www.ngdc.noaa.gov/docucomp/eb139e38-ee29-4d59-b157-5e874d4420c4"/>
               <gfc:listedValue>
                  <gfc:FC_ListedValue>
                     <gfc:label gco:nilReason="inapplicable"/>
                     <gfc:definition>
                        <gco:CharacterString> Range Domain Minimum: 10000
                                              Range Domain Maximum: 49999</gco:CharacterString>
                     </gfc:definition>
                  </gfc:FC_ListedValue>
               </gfc:listedValue>
            </gfc:FC_FeatureAttribute>
         </gfc:carrierOfCharacteristics>
         <gfc:carrierOfCharacteristics>
            <gfc:FC_FeatureAttribute>
               <gfc:memberName>
                  <gco:LocalName>METDIVFP</gco:LocalName>
               </gfc:memberName>
               <gfc:definition>
                  <gco:CharacterString>Current metropolitan division code</gco:CharacterString>
               </gfc:definition>
               <gfc:cardinality gco:nilReason="unknown"/>
               <gfc:definitionReference xlink:title="U.S. Census Bureau"
                                        xlink:href="http://www.ngdc.noaa.gov/docucomp/eb139e38-ee29-4d59-b157-5e874d4420c4"/>
               <gfc:listedValue>
                  <gfc:FC_ListedValue>
                     <gfc:label gco:nilReason="inapplicable"/>
                     <gfc:definition>
                        <gco:CharacterString> Range Domain Minimum: 10004
                                              Range Domain Maximum: 49994</gco:CharacterString>
                     </gfc:definition>
                  </gfc:FC_ListedValue>
               </gfc:listedValue>
            </gfc:FC_FeatureAttribute>
         </gfc:carrierOfCharacteristics>
         <gfc:carrierOfCharacteristics>
            <gfc:FC_FeatureAttribute>
               <gfc:memberName>
                  <gco:LocalName>CNECTAFP</gco:LocalName>
               </gfc:memberName>
               <gfc:definition>
                  <gco:CharacterString>Current combined New England city and town area code</gco:CharacterString>
               </gfc:definition>
               <gfc:cardinality gco:nilReason="unknown"/>
               <gfc:definitionReference xlink:title="U.S. Census Bureau"
                                        xlink:href="http://www.ngdc.noaa.gov/docucomp/eb139e38-ee29-4d59-b157-5e874d4420c4"/>
               <gfc:listedValue>
                  <gfc:FC_ListedValue>
                     <gfc:label gco:nilReason="inapplicable"/>
                     <gfc:definition>
                        <gco:CharacterString> Range Domain Minimum: 700
                                              Range Domain Maximum: 799</gco:CharacterString>
                     </gfc:definition>
                  </gfc:FC_ListedValue>
               </gfc:listedValue>
            </gfc:FC_FeatureAttribute>
         </gfc:carrierOfCharacteristics>
         <gfc:carrierOfCharacteristics>
            <gfc:FC_FeatureAttribute>
               <gfc:memberName>
                  <gco:LocalName>NECTAFP</gco:LocalName>
               </gfc:memberName>
               <gfc:definition>
                  <gco:CharacterString>Current New England city and town area code</gco:CharacterString>
               </gfc:definition>
               <gfc:cardinality gco:nilReason="unknown"/>
               <gfc:definitionReference xlink:title="U.S. Census Bureau"
                                        xlink:href="http://www.ngdc.noaa.gov/docucomp/eb139e38-ee29-4d59-b157-5e874d4420c4"/>
               <gfc:listedValue>
                  <gfc:FC_ListedValue>
                     <gfc:label gco:nilReason="inapplicable"/>
                     <gfc:definition>
                        <gco:CharacterString> Range Domain Minimum: 70000
                                              Range Domain Maximum: 79999</gco:CharacterString>
                     </gfc:definition>
                  </gfc:FC_ListedValue>
               </gfc:listedValue>
            </gfc:FC_FeatureAttribute>
         </gfc:carrierOfCharacteristics>
         <gfc:carrierOfCharacteristics>
            <gfc:FC_FeatureAttribute>
               <gfc:memberName>
                  <gco:LocalName>NCTADVFP</gco:LocalName>
               </gfc:memberName>
               <gfc:definition>
                  <gco:CharacterString>Current New England city and town area division code</gco:CharacterString>
               </gfc:definition>
               <gfc:cardinality gco:nilReason="unknown"/>
               <gfc:definitionReference xlink:title="U.S. Census Bureau"
                                        xlink:href="http://www.ngdc.noaa.gov/docucomp/eb139e38-ee29-4d59-b157-5e874d4420c4"/>
               <gfc:listedValue>
                  <gfc:FC_ListedValue>
                     <gfc:label gco:nilReason="inapplicable"/>
                     <gfc:definition>
                        <gco:CharacterString> Range Domain Minimum: 70004
                                              Range Domain Maximum: 79994</gco:CharacterString>
                     </gfc:definition>
                  </gfc:FC_ListedValue>
               </gfc:listedValue>
            </gfc:FC_FeatureAttribute>
         </gfc:carrierOfCharacteristics>
         <gfc:carrierOfCharacteristics>
            <gfc:FC_FeatureAttribute>
               <gfc:memberName>
                  <gco:LocalName>LWFLAG</gco:LocalName>
               </gfc:memberName>
               <gfc:definition>
                  <gco:CharacterString>land/water flag</gco:CharacterString>
               </gfc:definition>
               <gfc:cardinality gco:nilReason="unknown"/>
               <gfc:definitionReference xlink:title="U.S. Census Bureau"
                                        xlink:href="http://www.ngdc.noaa.gov/docucomp/eb139e38-ee29-4d59-b157-5e874d4420c4"/>
               <gfc:listedValue>
                  <gfc:FC_ListedValue>
                     <gfc:label>
                        <gco:CharacterString>G</gco:CharacterString>
                     </gfc:label>
                     <gfc:definition>
                        <gco:CharacterString>Glacier</gco:CharacterString>
                     </gfc:definition>
                     <gfc:definitionReference xlink:title="U.S. Census Bureau"
                                              xlink:href="http://www.ngdc.noaa.gov/docucomp/eb139e38-ee29-4d59-b157-5e874d4420c4"/>
                  </gfc:FC_ListedValue>
               </gfc:listedValue>
               <gfc:listedValue>
                  <gfc:FC_ListedValue>
                     <gfc:label>
                        <gco:CharacterString>I</gco:CharacterString>
                     </gfc:label>
                     <gfc:definition>
                        <gco:CharacterString>Intermittent Water</gco:CharacterString>
                     </gfc:definition>
                     <gfc:definitionReference xlink:title="U.S. Census Bureau"
                                              xlink:href="http://www.ngdc.noaa.gov/docucomp/eb139e38-ee29-4d59-b157-5e874d4420c4"/>
                  </gfc:FC_ListedValue>
               </gfc:listedValue>
               <gfc:listedValue>
                  <gfc:FC_ListedValue>
                     <gfc:label>
                        <gco:CharacterString>L</gco:CharacterString>
                     </gfc:label>
                     <gfc:definition>
                        <gco:CharacterString>Land</gco:CharacterString>
                     </gfc:definition>
                     <gfc:definitionReference xlink:title="U.S. Census Bureau"
                                              xlink:href="http://www.ngdc.noaa.gov/docucomp/eb139e38-ee29-4d59-b157-5e874d4420c4"/>
                  </gfc:FC_ListedValue>
               </gfc:listedValue>
               <gfc:listedValue>
                  <gfc:FC_ListedValue>
                     <gfc:label>
                        <gco:CharacterString>P</gco:CharacterString>
                     </gfc:label>
                     <gfc:definition>
                        <gco:CharacterString>Perennial Water</gco:CharacterString>
                     </gfc:definition>
                     <gfc:definitionReference xlink:title="U.S. Census Bureau"
                                              xlink:href="http://www.ngdc.noaa.gov/docucomp/eb139e38-ee29-4d59-b157-5e874d4420c4"/>
                  </gfc:FC_ListedValue>
               </gfc:listedValue>
               <gfc:listedValue>
                  <gfc:FC_ListedValue>
                     <gfc:label>
                        <gco:CharacterString>S</gco:CharacterString>
                     </gfc:label>
                     <gfc:definition>
                        <gco:CharacterString>Marsh/Swamp</gco:CharacterString>
                     </gfc:definition>
                     <gfc:definitionReference xlink:title="U.S. Census Bureau"
                                              xlink:href="http://www.ngdc.noaa.gov/docucomp/eb139e38-ee29-4d59-b157-5e874d4420c4"/>
                  </gfc:FC_ListedValue>
               </gfc:listedValue>
            </gfc:FC_FeatureAttribute>
         </gfc:carrierOfCharacteristics>
         <gfc:carrierOfCharacteristics>
            <gfc:FC_FeatureAttribute>
               <gfc:memberName>
                  <gco:LocalName>OFFSET</gco:LocalName>
               </gfc:memberName>
               <gfc:definition>
                  <gco:CharacterString>Geographic corridor/offset flag</gco:CharacterString>
               </gfc:definition>
               <gfc:cardinality gco:nilReason="unknown"/>
               <gfc:definitionReference xlink:title="U.S. Census Bureau"
                                        xlink:href="http://www.ngdc.noaa.gov/docucomp/eb139e38-ee29-4d59-b157-5e874d4420c4"/>
               <gfc:listedValue>
                  <gfc:FC_ListedValue>
                     <gfc:label>
                        <gco:CharacterString>N</gco:CharacterString>
                     </gfc:label>
                     <gfc:definition>
                        <gco:CharacterString>Not in a Geographic Corridor/Offset</gco:CharacterString>
                     </gfc:definition>
                     <gfc:definitionReference xlink:title="U.S. Census Bureau"
                                              xlink:href="http://www.ngdc.noaa.gov/docucomp/eb139e38-ee29-4d59-b157-5e874d4420c4"/>
                  </gfc:FC_ListedValue>
               </gfc:listedValue>
               <gfc:listedValue>
                  <gfc:FC_ListedValue>
                     <gfc:label>
                        <gco:CharacterString>Y</gco:CharacterString>
                     </gfc:label>
                     <gfc:definition>
                        <gco:CharacterString>This polygon is in a Geographic Corridor/Offset.</gco:CharacterString>
                     </gfc:definition>
                     <gfc:definitionReference xlink:title="U.S. Census Bureau"
                                              xlink:href="http://www.ngdc.noaa.gov/docucomp/eb139e38-ee29-4d59-b157-5e874d4420c4"/>
                  </gfc:FC_ListedValue>
               </gfc:listedValue>
            </gfc:FC_FeatureAttribute>
         </gfc:carrierOfCharacteristics>
         <gfc:carrierOfCharacteristics>
            <gfc:FC_FeatureAttribute>
               <gfc:memberName>
                  <gco:LocalName>ATOTAL</gco:LocalName>
               </gfc:memberName>
               <gfc:definition>
                  <gco:CharacterString>Total Area</gco:CharacterString>
               </gfc:definition>
               <gfc:cardinality gco:nilReason="unknown"/>
               <gfc:definitionReference xlink:title="U.S. Census Bureau"
                                        xlink:href="http://www.ngdc.noaa.gov/docucomp/eb139e38-ee29-4d59-b157-5e874d4420c4"/>
               <gfc:valueMeasurementUnit>
                  <gml:DerivedUnit gml:id="areaInMetersSquaredforATOTAL">
                     <gml:identifier codeSpace="area"/>
                     <gml:derivationUnitTerm uom="m" exponent="2"/>
                  </gml:DerivedUnit>
               </gfc:valueMeasurementUnit>
               <gfc:listedValue>
                  <gfc:FC_ListedValue>
                     <gfc:label gco:nilReason="inapplicable"/>
                     <gfc:definition>
                        <gco:CharacterString> Range Domain Minimum: 0
                                              Range Domain Maximum: 9,999,999,999,999</gco:CharacterString>
                     </gfc:definition>
                  </gfc:FC_ListedValue>
               </gfc:listedValue>
            </gfc:FC_FeatureAttribute>
         </gfc:carrierOfCharacteristics>
         <gfc:carrierOfCharacteristics>
            <gfc:FC_FeatureAttribute>
               <gfc:memberName>
                  <gco:LocalName>INTPTLAT</gco:LocalName>
               </gfc:memberName>
               <gfc:definition>
                  <gco:CharacterString>Latitude of the internal point</gco:CharacterString>
               </gfc:definition>
               <gfc:cardinality gco:nilReason="unknown"/>
               <gfc:definitionReference xlink:title="U.S. Census Bureau"
                                        xlink:href="http://www.ngdc.noaa.gov/docucomp/eb139e38-ee29-4d59-b157-5e874d4420c4"/>
               <!--Do the following to convert from decimal degrees to degree minutes and seconds 
                                            1. The whole units of degrees will remain the same
                                            2. Multiply the decimal by 60 
                                            3. The whole number becomes the minutes 
                                            4. Take the remaining decimal and multiply by 60
                                            5. The resulting number becomes the seconds  Seconds can remain as a decimal.
                                            6. Take your three sets of numbers and put them together, using the symbols for degrees  minutes  and seconds 
                                        --><gfc:valueMeasurementUnit>
                  <gml:BaseUnit gml:id="INTPTLAT">
                     <gml:identifier codeSpace="INTPTLAT">Decimal degrees</gml:identifier>
                     <gml:unitsSystem xlink:href="http://www.bipm.org/en/si/si_brochure/chapter4/table6.html"/>
                  </gml:BaseUnit>
               </gfc:valueMeasurementUnit>
               <gfc:listedValue>
                  <gfc:FC_ListedValue>
                     <gfc:label gco:nilReason="inapplicable"/>
                     <gfc:definition>
                        <gco:CharacterString> Range Domain Minimum: -90.000000
                                              Range Domain Maximum: 90.000000</gco:CharacterString>
                     </gfc:definition>
                  </gfc:FC_ListedValue>
               </gfc:listedValue>
            </gfc:FC_FeatureAttribute>
         </gfc:carrierOfCharacteristics>
         <gfc:carrierOfCharacteristics>
            <gfc:FC_FeatureAttribute>
               <gfc:memberName>
                  <gco:LocalName>INTPTLON</gco:LocalName>
               </gfc:memberName>
               <gfc:definition>
                  <gco:CharacterString>Longitude of the internal point</gco:CharacterString>
               </gfc:definition>
               <gfc:cardinality gco:nilReason="unknown"/>
               <gfc:definitionReference xlink:title="U.S. Census Bureau"
                                        xlink:href="http://www.ngdc.noaa.gov/docucomp/eb139e38-ee29-4d59-b157-5e874d4420c4"/>
               <!--Do the following to convert from decimal degrees to degree minutes and seconds 
                                            1. The whole units of degrees will remain the same
                                            2. Multiply the decimal by 60 
                                            3. The whole number becomes the minutes 
                                            4. Take the remaining decimal and multiply by 60
                                            5. The resulting number becomes the seconds  Seconds can remain as a decimal.
                                            6. Take your three sets of numbers and put them together, using the symbols for degrees  minutes  and seconds 
                                        --><gfc:valueMeasurementUnit>
                  <gml:BaseUnit gml:id="INTPTLON">
                     <gml:identifier codeSpace="INTPTLON">Decimal degrees</gml:identifier>
                     <gml:unitsSystem xlink:href="http://www.bipm.org/en/si/si_brochure/chapter4/table6.html"/>
                  </gml:BaseUnit>
               </gfc:valueMeasurementUnit>
               <gfc:listedValue>
                  <gfc:FC_ListedValue>
                     <gfc:label gco:nilReason="inapplicable"/>
                     <gfc:definition>
                        <gco:CharacterString> Range Domain Minimum: -180.000000
                                              Range Domain Maximum: 180.000000</gco:CharacterString>
                     </gfc:definition>
                  </gfc:FC_ListedValue>
               </gfc:listedValue>
            </gfc:FC_FeatureAttribute>
         </gfc:carrierOfCharacteristics>
      </gfc:FC_FeatureType>
   </gfc:featureType>
</gfc:FC_FeatureCatalogue>